"Data Source","Indicadores del desarrollo mundial",

"Last Updated Date","2022-04-27",

"Country Name","Country Code","Indicator Name","Indicator Code","1960","1961","1962","1963","1964","1965","1966","1967","1968","1969","1970","1971","1972","1973","1974","1975","1976","1977","1978","1979","1980","1981","1982","1983","1984","1985","1986","1987","1988","1989","1990","1991","1992","1993","1994","1995","1996","1997","1998","1999","2000","2001","2002","2003","2004","2005","2006","2007","2008","2009","2010","2011","2012","2013","2014","2015","2016","2017","2018","2019","2020","2021",
"Aruba","ABW","Población, total","SP.POP.TOTL","54208","55434","56234","56699","57029","57357","57702","58044","58377","58734","59070","59442","59849","60236","60527","60653","60586","60366","60102","59972","60097","60561","61341","62213","62826","63024","62645","61838","61072","61033","62152","64623","68240","72495","76705","80324","83211","85450","87280","89009","90866","92892","94992","97016","98744","100028","100830","101226","101362","101452","101665","102050","102565","103165","103776","104339","104865","105361","105846","106310","106766","",
"Afganistán","AFG","Población, total","SP.POP.TOTL","8996967","9169406","9351442","9543200","9744772","9956318","10174840","10399936","10637064","10893772","11173654","11475450","11791222","12108963","12412960","12689164","12943093","13171294","13341199","13411060","13356500","13171679","12882518","12537732","12204306","11938204","11736177","11604538","11618008","11868873","12412311","13299016","14485543","15816601","17075728","18110662","18853444","19357126","19737770","20170847","20779957","21606992","22600774","23680871","24726689","25654274","26433058","27100542","27722281","28394806","29185511","30117411","31161378","32269592","33370804","34413603","35383028","36296111","37171922","38041757","38928341","",
"El mundo árabe","ARB","Población, total","SP.POP.TOTL","92197715","94724540","97334438","100034191","102832792","105736428","108758634","111899335","115136161","118437193","121785630","125164720","128598743","132161302","135952270","140040580","144453278","149161836","154111160","159218539","164420771","169698978","175061794","180505967","186035280","191650328","197338140","203084958","208889669","214753965","222653371","228731671","232956364","239243294","245449429","253107302","259000937","264822167","270575777","276393809","282344141","288432153","294665202","301113869","307862846","314965776","322452764","330290752","338395936","346629179","354890097","363156846","371437642","379696477","387899835","396028301","404042892","411942825","419851989","427870273","436080728","",
"Emiratos Árabes Unidos","ARE","Población, total","SP.POP.TOTL","92417","100801","112112","125130","138049","149855","159979","169768","182620","203103","234512","277463","330968","394625","467457","548295","637926","735347","835498","931752","1019507","1096602","1164816","1228457","1293970","1366165","1446386","1533526","1627068","1725676","1828437","1937159","2052892","2173135","2294377","2415099","2539121","2671361","2813214","2966029","3134067","3302722","3478769","3711931","4068577","4588222","5300172","6168846","7089486","7917368","8549998","8946778","9141598","9197908","9214182","9262896","9360975","9487206","9630966","9770526","9890400","",
"Argentina","ARG","Población, total","SP.POP.TOTL","20481781","20817270","21153042","21488916","21824427","22159644","22494031","22828872","23168268","23517613","23880564","24259564","24653172","25056475","25462305","25865775","26264681","26661397","27061041","27471046","27896532","28338514","28794550","29262049","29737097","30216284","30698964","31184411","31668939","32148137","32618648","33079002","33529320","33970103","34402669","34828168","35246376","35657438","36063451","36467218","36870796","37275644","37681743","38087866","38491970","38892924","39289876","39684303","40080159","40482786","40788453","41261490","41733271","42202935","42669500","43131966","43590368","44044811","44494502","44938712","45376763","",
"Samoa Americana","ASM","Población, total","SP.POP.TOTL","20127","20605","21246","22029","22850","23675","24473","25235","25980","26698","27362","27982","28564","29103","29595","30045","30455","30834","31262","31842","32648","33697","34969","36413","37946","39521","41114","42741","44346","45894","47351","48682","49900","51025","52099","53158","54209","55227","56180","57049","57816","58496","59077","59495","59684","59557","59109","58367","57490","56675","56084","55755","55669","55717","55791","55806","55739","55617","55461","55312","55197","",
"Antigua y Barbuda","ATG","Población, total","SP.POP.TOTL","54132","55005","55849","56701","57641","58699","59912","61240","62523","63553","64184","64354","64134","63649","63108","62671","62353","62162","62038","61948","61861","61789","61780","61779","61784","61785","61754","61713","61758","62007","62533","63363","64459","65777","67201","68672","70176","71707","73219","74674","76007","77212","78298","79311","80347","81462","82715","84029","85394","86743","88030","89250","90407","91510","92562","93571","94520","95425","96282","97115","97928","",
"Australia","AUS","Población, total","SP.POP.TOTL","10276477","10483000","10742000","10950000","11167000","11388000","11651000","11799000","12009000","12263000","12507000","12937000","13177000","13380000","13723000","13893000","14033000","14192000","14358000","14514000","14692000","14927000","15178000","15369000","15544000","15758000","16018400","16263900","16532200","16814400","17065100","17284000","17495000","17667000","17855000","18072000","18311000","18517000","18711000","18926000","19153000","19413000","19651400","19895400","20127400","20394800","20697900","20827600","21249200","21691700","22031750","22340024","22733465","23128129","23475686","23815995","24190907","24601860","24982688","25365745","25693267","",
"Burundi","BDI","Población, total","SP.POP.TOTL","2797925","2852438","2907320","2964416","3026292","3094378","3170496","3253215","3336930","3413909","3479070","3530000","3569655","3605120","3646428","3700879","3770870","3854446","3949264","4051239","4157296","4266520","4379727","4497544","4621096","4750832","4886745","5027143","5168703","5307069","5438959","5564923","5685569","5798054","5898964","5987044","6060110","6122130","6185564","6267132","6378871","6525546","6704118","6909161","7131688","7364857","7607850","7862226","8126104","8397661","8675606","8958406","9245992","9540302","9844301","10160034","10488002","10827010","11175379","11530577","11890781","",
"Bélgica","BEL","Población, total","SP.POP.TOTL","9153489","9183948","9220578","9289770","9378113","9463667","9527807","9580991","9618756","9646032","9655549","9673162","9711115","9741720","9772419","9800700","9818227","9830358","9839534","9848382","9859242","9858982","9856303","9855520","9855372","9858308","9861823","9870234","9901664","9937697","9967379","10004486","10045158","10084475","10115603","10136811","10156637","10181245","10203008","10226419","10251250","10286570","10332785","10376133","10421137","10478617","10547958","10625700","10709973","10796493","10895586","11038264","11106932","11159407","11209057","11274196","11331422","11375158","11427054","11488980","11544241","",
"Benin","BEN","Población, total","SP.POP.TOTL","2431617","2465865","2502897","2542864","2585961","2632361","2682159","2735308","2791588","2850657","2912338","2976575","3043563","3113681","3187413","3265167","3347169","3433445","3523933","3618519","3717161","3820126","3927717","4039940","4156819","4278502","4404504","4535262","4672844","4820020","4978489","5149496","5331805","5521761","5714215","5905552","6094272","6281644","6470275","6664102","6865946","7076728","7295400","7520556","7750003","7982223","8216893","8454790","8696915","8944713","9199254","9460829","9729254","10004594","10286839","10575962","10872072","11175192","11485035","11801151","12123198","",
"Burkina Faso","BFA","Población, total","SP.POP.TOTL","4829289","4894580","4960328","5027811","5098891","5174874","5256360","5343025","5434046","5528172","5624592","5723378","5825174","5930493","6040045","6154554","6274032","6398933","6530820","6671656","6822837","6985166","7158259","7340910","7531239","7727908","7930689","8140080","8356313","8579818","8811033","9050086","9297110","9552473","9816584","10089880","10372734","10665552","10968722","11282696","11607951","11944589","12293097","12654624","13030576","13421935","13829173","14252029","14689725","15141098","15605211","16081915","16571252","17072791","17586029","18110616","18646350","19193236","19751466","20321383","20903278","",
"Bangladesh","BGD","Población, total","SP.POP.TOTL","48013505","49362834","50752150","52202008","53741721","55385114","57157651","59034250","60918452","62679765","64232486","65531635","66625706","67637541","68742222","70066310","71652386","73463593","75450033","77529040","79639498","81767516","83932132","86142490","88416529","90764180","93187593","95671159","98186350","100695496","103171957","105599125","107983708","110350641","112737684","115169933","117649927","120160571","122682818","125189655","127657862","130088709","132478077","134791598","136986429","139035505","140921154","142660381","144304164","145924795","147575433","149273134","151005733","152761413","154517385","156256287","157977151","159685421","161376713","163046173","164689383","",
"Bahrein","BHR","Población, total","SP.POP.TOTL","162429","167899","173140","178142","182888","187432","191785","196060","200652","206037","212607","220311","229151","239527","251908","266540","283746","303169","323468","342804","359897","374120","385953","396451","407233","419428","433478","448981","465198","481081","495927","509762","523082","536212","549590","563698","578661","594927","613697","636540","664610","697550","735140","778708","829846","889157","958423","1035924","1114645","1185075","1240864","1278153","1299942","1315029","1336073","1371853","1425793","1494077","1569440","1641164","1701583","",
"Bolivia","BOL","Población, total","SP.POP.TOTL","3656961","3728954","3802996","3879191","3957759","4038865","4122517","4208683","4297522","4389248","4484004","4581752","4682392","4785916","4892294","5001413","5113458","5228253","5344946","5462413","5579932","5697098","5814344","5932812","6054126","6179460","6309129","6442824","6580318","6721117","6864839","7011456","7160917","7312857","7466792","7622334","7779268","7937453","8096761","8257066","8418270","8580244","8742822","8905820","9069044","9232301","9395449","9558438","9721457","9884790","10048597","10212951","10377677","10542375","10706517","10869732","11031822","11192853","11353140","11513102","11673029","",
"Brasil","BRA","Población, total","SP.POP.TOTL","72179235","74311338","76514329","78772647","81064572","83373533","85696502","88035815","90387079","92746607","95113265","97482928","99859388","102259497","104706193","107216209","109790943","112425392","115121158","117878412","120694012","123570327","126498322","129448815","132383569","135274083","138108915","140891606","143627505","146328305","149003225","151648007","154259382","156849086","159432717","162019889","164614682","167209046","169785253","172318674","174790339","177196051","179537523","181809244","184006479","186127108","188167353","190130445","192030362","193886505","195713637","197514541","199287292","201035904","202763744","204471759","206163056","207833825","209469320","211049519","212559409","",
"Bhután","BTN","Población, total","SP.POP.TOTL","223284","228849","234552","240529","246961","253993","261664","269944","278731","287886","297307","306957","316822","326986","337491","348395","359721","371424","383324","395192","406883","418107","428938","439823","451471","464264","478683","494313","509532","522173","530801","534637","534525","532590","531905","534629","541471","551713","564378","577886","591014","603643","616025","627840","638809","648744","657404","664873","671611","678329","685502","693297","701582","710235","719053","727885","736706","745563","754396","763094","771612","",
"Botswana","BWA","Población, total","SP.POP.TOTL","502733","512688","523777","535692","547870","559996","571957","584098","596946","611297","627714","646350","667096","689906","714701","741346","769982","800532","832467","865073","897860","930412","962859","996124","1031439","1069585","1110948","1154904","1200073","1244484","1286756","1326321","1363541","1399110","1434061","1469173","1504724","1540424","1575827","1610260","1643333","1674674","1704637","1734387","1765533","1799077","1835911","1875458","1915636","1953495","1987106","2015406","2039551","2062551","2088619","2120716","2159925","2205076","2254067","2303703","2351625","",
"Islas del Canal","CHI","Población, total","SP.POP.TOTL","109419","110398","111464","112591","113777","114989","116229","117469","118725","119975","121200","122405","123611","124722","125680","126420","126908","127186","127395","127691","128204","128986","129976","131153","132445","133800","135242","136762","138250","139580","140677","141469","142006","142407","142867","143480","144348","145387","146500","147553","148439","149097","149591","150070","150722","151674","152999","154644","156441","158187","159718","160990","162051","163039","164107","165387","166922","168666","170496","172264","173859","",
"China","CHN","Población, total","SP.POP.TOTL","667070000","660330000","665770000","682335000","698355000","715185000","735400000","754550000","774510000","796025000","818315000","841105000","862030000","881940000","900350000","916395000","930685000","943455000","956165000","969005000","981235000","993885000","1008630000","1023310000","1036825000","1051040000","1066790000","1084035000","1101630000","1118650000","1135185000","1150780000","1164970000","1178440000","1191835000","1204855000","1217550000","1230075000","1241935000","1252735000","1262645000","1271850000","1280400000","1288400000","1296075000","1303720000","1311020000","1317885000","1324655000","1331260000","1337705000","1345035000","1354190000","1363240000","1371860000","1379860000","1387790000","1396215000","1402760000","1407745000","1410929362","",
"Congo, República Democrática del","COD","Población, total","SP.POP.TOTL","15248256","15637700","16041187","16461828","16903830","17369882","17862052","18378620","18913874","19459818","20011033","20564062","21121360","21690448","22282127","22903587","23560470","24249127","24956387","25663598","26358905","27040329","27717293","28403858","29119663","29881222","30683877","31528702","32443784","33464767","34612023","35908240","37333917","38815835","40252973","41576239","42757239","43827191","44849968","45919615","47105830","48428534","49871670","51425583","53068869","54785894","56578046","58453687","60411195","62448572","64563853","66755151","69020749","71358804","73767445","76244532","78789130","81398765","84068092","86790568","89561404","",
"Colombia","COL","Población, total","SP.POP.TOTL","16057714","16567817","17092919","17629978","18175187","18725242","19279734","19837508","20393704","20942453","21480064","22003983","22516429","23024512","23538390","24065502","24608102","25164544","25733669","26312996","26900508","27496608","28101824","28714183","29331230","29951194","30572479","31195417","31822527","32457497","33102569","33758328","34422568","35091272","35758978","36421438","37076387","37723803","38364307","38999468","39629965","40255956","40875363","41483872","42075953","42647731","43200901","43737512","44254972","44750054","45222699","45662747","46075721","46495492","46967706","47520667","48175048","48909844","49661056","50339443","50882884","",
"Comoras","COM","Población, total","SP.POP.TOTL","191122","194149","197202","200371","203762","207429","211477","215900","220574","225324","230055","234645","239229","244207","250107","257285","265958","275903","286628","297451","307831","317617","326944","336088","345455","355337","365765","376647","387964","399638","411598","423873","436454","449270","462280","475394","488625","501955","515382","528853","542358","555895","569480","583213","597230","611625","626427","641624","657227","673251","689696","706578","723865","741511","759390","777435","795597","813890","832322","850891","869595","",
"Cabo Verde","CPV","Población, total","SP.POP.TOTL","201770","205321","210141","216087","222949","230421","238655","247522","256169","263461","268633","271315","271841","271068","270228","270240","271345","273335","276182","279729","283848","288678","294244","300226","306140","311668","316613","321137","325744","331180","337953","346229","355763","366057","376409","386288","395533","404248","412513","420456","428178","435701","442955","449925","456619","463034","469171","475067","480846","486667","492644","498858","505241","511740","518276","524740","531140","537499","543764","549936","555988","",
"Costa Rica","CRI","Población, total","SP.POP.TOTL","1330787","1381187","1433346","1486555","1539942","1592834","1645076","1696742","1747690","1797891","1847394","1896074","1944170","1992522","2042242","2094186","2148681","2205618","2264942","2326460","2389973","2455593","2523358","2593015","2664220","2736719","2810245","2884856","2960932","3039015","3119436","3202083","3286525","3372298","3458829","3545524","3632361","3718952","3803893","3885428","3962369","4034074","4100922","4164053","4225156","4285504","4345421","4404626","4463123","4520739","4577371","4633086","4688003","4742111","4795390","4847805","4899336","4949955","4999443","5047561","5094114","",
"Cuba","CUB","Población, total","SP.POP.TOTL","7141241","7291201","7453535","7623300","7793258","7958171","8115487","8266373","8413549","8561391","8712535","8868087","9025347","9178809","9320943","9446441","9554186","9646142","9724044","9790850","9849457","9898891","9940314","9981303","10031651","10097910","10183894","10286645","10397519","10503967","10596986","10673534","10736386","10789312","10838461","10888246","10939285","10989730","11038706","11084673","11126423","11164676","11199664","11229185","11250369","11261586","11261241","11251117","11236975","11226711","11225833","11236671","11257112","11282722","11306909","11324777","11335108","11339255","11338146","11333484","11326616","",
"Islas Caimán","CYM","Población, total","SP.POP.TOTL","7870","8024","8141","8219","8299","8370","8444","8518","8638","8833","9143","9588","10135","10778","11488","12234","13023","13848","14681","15485","16207","16857","17436","18005","18662","19460","20426","21539","22775","24028","25307","26540","27784","29068","30521","32161","34065","36155","38330","40423","42305","43934","45347","46624","47899","49261","50729","52280","53835","55321","56672","57877","58963","59933","60848","61721","62564","63382","64172","64948","65720","",
"Djibouti","DJI","Población, total","SP.POP.TOTL","83634","88503","94203","100618","107582","114976","122876","131405","140462","149889","159662","169372","179237","190569","205180","224177","248556","277472","308008","336080","358960","374934","385268","393800","406018","425608","454359","490337","528993","563855","590393","606843","615050","618504","622364","630385","643649","660858","680465","699973","717577","733019","746947","759639","771599","783248","794554","805456","816361","827820","840194","853671","868136","883296","898707","913998","929117","944100","958923","973557","988002","",
"Dinamarca","DNK","Población, total","SP.POP.TOTL","4579603","4611687","4647727","4684483","4722072","4759012","4797381","4835354","4864883","4891860","4928757","4963126","4991596","5021861","5045297","5059862","5072596","5088419","5104248","5116801","5123027","5121572","5117810","5114297","5111619","5113691","5120534","5127024","5129516","5132594","5140939","5154298","5171370","5188628","5206180","5233373","5263074","5284991","5304219","5321799","5339616","5358783","5375931","5390574","5404523","5419432","5437272","5461438","5493621","5523095","5547683","5570572","5591572","5614932","5643475","5683483","5728010","5764980","5793636","5814422","5831404","",
"República Dominicana","DOM","Población, total","SP.POP.TOTL","3294222","3406282","3521018","3638110","3757123","3877768","3999796","4123100","4247559","4373127","4499722","4627202","4755464","4884460","5014187","5144632","5275767","5407496","5539596","5671801","5803929","5935895","6067769","6199657","6331760","6464229","6596967","6729930","6863438","6997877","7133491","7270413","7408339","7546467","7683707","7819239","7952766","8084407","8214427","8343288","8471317","8598599","8724974","8850317","8974444","9097262","9218681","9338856","9458079","9576736","9695117","9813219","9930916","10048226","10165182","10281675","10397738","10513111","10627147","10738957","10847904","",
"Europa y Asia central","ECS","Población, total","SP.POP.TOTL","666753356","674450666","682397828","690411692","698355574","706070460","712830312","719406020","725725300","731903738","737524825","743140589","749283635","755259488","761029417","766625562","772129341","777422111","782653852","787910910","793299463","798559755","803342746","807903880","812662217","817497806","822470047","827505281","832553390","837438555","841536999","845399658","848878429","851973886","854082087","855490982","856856802","858163120","859296518","860311870","861270071","862339994","863908064","866189044","868783653","871433207","874134287","877278821","880911644","884448855","887904313","890136603","893755804","898022522","902367876","906669764","910870489","914608311","918031055","920807612","923142688","",
"España","ESP","Población, total","SP.POP.TOTL","30455000","30739250","31023366","31296651","31609195","31954292","32283194","32682947","33113134","33441054","33814531","34224490","34604469","34988947","35373335","35757900","36137812","36511638","36864898","37191330","37491165","37758631","37986012","38171525","38330364","38469512","38584624","38684815","38766939","38827764","38867322","38966376","39157685","39361262","39549108","39724050","39889852","40057389","40223509","40386875","40567864","40850412","41431558","42187645","42921895","43653155","44397319","45226803","45954106","46362946","46576897","46742697","46773055","46620045","46480882","46444832","46484062","46593236","46797754","47134837","47363419","",
"Frágiles y situaciones de conflicto afectados","FCS","Población, total","SP.POP.TOTL","208280083","213082100","218087139","223284589","228670583","234243249","240005133","245962230","252116419","258473157","265037231","271800288","278767597","285961194","293417700","301154406","309196463","317520801","326050578","334679714","343334222","352006783","360736356","369569548","378570396","387802210","397235010","406892515","416947257","427617018","440953223","453319569","466482801","480127968","493815261","507247352","520303326","533112558","545728172","558627550","572303917","586760366","601848734","617468591","633460044","649704454","666174377","682901570","700030438","717553793","735448194","753858934","772742559","791943328","811249811","830536041","849739853","868954263","888488369","908739462","930004306","",
"Finlandia","FIN","Población, total","SP.POP.TOTL","4429634","4461005","4491443","4523309","4548543","4563732","4580869","4605744","4626469","4623785","4606307","4612124","4639657","4666081","4690574","4711440","4725664","4738902","4752528","4764690","4779535","4799964","4826933","4855787","4881803","4902206","4918154","4932123","4946481","4964371","4986431","5013740","5041992","5066447","5088333","5107790","5124573","5139835","5153498","5165474","5176209","5188008","5200598","5213014","5228172","5246096","5266268","5288720","5313399","5338871","5363352","5388272","5413971","5438972","5461512","5479531","5495303","5508214","5515525","5521606","5529543","",
"Fiji","FJI","Población, total","SP.POP.TOTL","393480","407244","421673","436303","450538","463960","476399","487973","498944","509708","520561","531622","542843","554143","565418","576626","587561","598299","609383","621584","635312","651032","668281","685497","700478","711770","718642","721776","722924","724602","728575","735398","744470","754962","765607","775428","784389","792736","800148","806302","811011","813923","815257","816078","817864","821606","827869","836185","845356","853636","859816","863451","865065","865602","866447","868632","872406","877460","883490","889955","896444","",
"Gabón","GAB","Población, total","SP.POP.TOTL","500922","505793","511285","517573","524891","533357","543119","554054","565763","577644","589317","600608","611705","622914","634739","647538","661398","676264","692078","708788","726335","744695","763932","784056","805117","827107","850052","873871","898472","923714","949493","975785","1002573","1029769","1057252","1084951","1112944","1141332","1170061","1199058","1228359","1258008","1288310","1319946","1353788","1390550","1430144","1472565","1518538","1568925","1624146","1684629","1749677","1817070","1883801","1947690","2007882","2064812","2119275","2172578","2225728","",
"Ghana","GHA","Población, total","SP.POP.TOTL","6635229","6848291","7071966","7300124","7524470","7739463","7941418","8132803","8321773","8520018","8735493","8973247","9229640","9493552","9749098","9985946","10199164","10395453","10590265","10805318","11056112","11348287","11676828","12033559","12405659","12783617","13164839","13552021","13947047","14353409","14773274","15207360","15653345","16106756","16561677","17014058","17462504","17908977","18357159","18812369","19278850","19756929","20246376","20750308","21272328","21814648","22379057","22963946","23563832","24170943","24779614","25387713","25996454","26607641","27224480","27849203","28481947","29121464","29767108","30417858","31072945","",
"Guinea","GIN","Población, total","SP.POP.TOTL","3494164","3552068","3611428","3672560","3735912","3801711","3870204","3941046","4013050","4084601","4154606","4223056","4290544","4357357","4424030","4491248","4559239","4628881","4702371","4782491","4871446","4969595","5077073","5195443","5326369","5470716","5629420","5801323","5982484","6167480","6352282","6534936","6716032","6897171","7081119","7269631","7463782","7662071","7860772","8054745","8240735","8417082","8586077","8753097","8925729","9109585","9307421","9518159","9738796","9964470","10192168","10420459","10652032","10892821","11150970","11432096","11738434","12067516","12414292","12771246","13132792","",
"Gambia","GMB","Población, total","SP.POP.TOTL","365049","372436","379886","387635","396012","405258","415478","426622","438590","451228","464404","478106","492424","507428","523250","539985","557810","576755","596540","616770","637252","657581","678111","700198","725688","755791","791141","831011","873440","915631","955595","992671","1027476","1060861","1094219","1128577","1164091","1200522","1238124","1277118","1317708","1360070","1404263","1449925","1496524","1543745","1591444","1639846","1689288","1740277","1793199","1848142","1905020","1963708","2024037","2085860","2149134","2213900","2280092","2347696","2416664","",
"Guinea-Bissau","GNB","Población, total","SP.POP.TOTL","616140","622754","628877","635008","641821","649795","658998","669243","680431","692407","704937","718359","732516","746178","757668","765985","770415","771732","772137","774726","781678","793804","810402","830212","851276","872163","892530","912755","933046","953782","975265","997522","1020353","1043421","1066345","1088850","1110835","1132505","1154372","1177133","1201305","1227105","1254454","1283297","1313492","1344931","1377582","1411545","1446936","1483920","1522603","1562996","1604981","1648259","1692433","1737207","1782434","1828146","1874304","1920917","1967998","",
"Guinea Ecuatorial","GNQ","Población, total","SP.POP.TOTL","255338","258786","262219","266005","270616","276296","283506","291786","299416","304000","303986","298852","289508","277656","265762","255808","247969","242160","239681","241977","249931","264370","284638","308208","331554","352116","369024","382977","394973","406620","419188","432844","447269","462637","479099","496768","515844","536459","558496","581765","606180","631662","658388","686670","716949","749527","784494","821686","860839","901589","943640","986861","1031191","1076412","1122273","1168575","1215181","1262008","1308966","1355982","1402985","",
"Grecia","GRC","Población, total","SP.POP.TOTL","8331725","8398050","8448233","8479625","8510429","8550333","8613651","8684088","8740765","8772764","8792806","8831036","8888628","8929086","8962022","9046541","9188150","9308479","9429959","9548258","9642505","9729350","9789513","9846627","9895801","9934300","9967213","10000595","10036983","10089498","10196792","10319927","10399061","10460415","10512922","10562153","10608800","10661259","10720509","10761698","10805808","10862132","10902022","10928070","10955141","10987314","11020362","11048473","11077841","11107017","11121341","11104899","11045011","10965211","10892413","10820883","10775971","10754679","10732882","10721582","10700556","",
"Granada","GRD","Población, total","SP.POP.TOTL","89927","91324","92481","93409","94122","94634","94936","95012","94929","94723","94476","94212","93984","93661","93190","92494","91469","90219","89104","88603","89032","90610","93132","96020","98472","99953","100183","99425","98126","96932","96328","96462","97161","98234","99345","100286","101003","101567","102023","102429","102837","103242","103636","104003","104346","104658","104938","105183","105457","105787","106227","106786","107452","108172","108900","109603","110263","110874","111449","112002","112519","",
"Guam","GUM","Población, total","SP.POP.TOTL","66733","68065","69605","71289","73047","74828","76611","78412","80212","82040","83875","85729","87580","89459","91378","93351","95380","97477","99629","101837","104134","106482","108901","111403","113953","116576","119228","121923","124674","127525","130480","133553","136693","139813","142806","145559","148061","150303","152274","153955","155323","156395","157173","157723","158094","158406","158649","158848","159037","159232","159439","159690","159990","160415","161007","161851","162948","164281","165770","167295","168783","",
"Ingreso alto","HIC","Población, total","SP.POP.TOTL","759783611","769499360","779465348","789358853","799159797","808596600","817426786","825698975","833895491","842260894","850563450","860560048","869313732","877805133","886141034","894227661","901732072","909139852","916611800","924450013","932075328","939681156","946904804","953688382","960111311","966563677","973188301","979874901","986702713","993966356","1001677611","1010166079","1016513603","1024551207","1032035681","1040719622","1047818942","1054747601","1061501831","1068197515","1074819578","1081809509","1089036403","1096166107","1103693618","1111423301","1119840651","1128710968","1138167727","1146611428","1154194529","1159642350","1166465944","1173351852","1180423771","1187317397","1194191812","1200273579","1205920193","1210861494","1216834555","",
"Hong Kong, Región Administrativa Especial","HKG","Población, total","SP.POP.TOTL","3075605","3168100","3305200","3420900","3504600","3597900","3629900","3722800","3802700","3863900","3959000","4045300","4123600","4241600","4377800","4461600","4518000","4583700","4667500","4929700","5063100","5183400","5264500","5345100","5397900","5456200","5524600","5580500","5627600","5686200","5704500","5752000","5800500","5901000","6035400","6156100","6435500","6489300","6543700","6606500","6665000","6714300","6744100","6730800","6783500","6813200","6857100","6916300","6957800","6972800","7024200","7071600","7150100","7178900","7229500","7291300","7336600","7391700","7451000","7507400","7481800","",
"Honduras","HND","Población, total","SP.POP.TOTL","2038636","2096407","2155648","2216712","2280044","2346005","2414805","2486418","2560723","2637515","2716652","2798125","2882102","2968978","3059245","3153252","3251145","3352825","3458102","3566661","3678274","3792922","3910642","4031333","4154864","4281167","4410270","4542218","4677023","4814696","4955302","5098594","5244677","5394416","5548969","5709010","5874814","6045704","6220405","6397140","6574510","6751912","6929267","7106323","7282953","7458982","7634295","7808520","7980955","8150780","8317467","8480670","8640692","8798524","8955579","9112904","9270794","9429016","9587523","9746115","9904608","",
"Haití","HTI","Población, total","SP.POP.TOTL","3866162","3941956","4019171","4097755","4177631","4258734","4341325","4425318","4509811","4593666","4676237","4757175","4837334","4918625","5003708","5094570","5191637","5294625","5404020","5520187","5643175","5773367","5910223","6051617","6194686","6337275","6478537","6618742","6758222","6897755","7037915","7178611","7319491","7460684","7602318","7744509","7887312","8030721","8174680","8319070","8463802","8608810","8754148","8900108","9047082","9195289","9344784","9495336","9646570","9798046","9949318","10100320","10250922","10400672","10549007","10695540","10839976","10982367","11123183","11263079","11402533","",
"total de la AIF","IDA","Población, total","SP.POP.TOTL","379602060","388797693","398361716","408315722","418686533","429483620","440745532","452449519","464500255","476763587","489151017","501631581","514272408","527200522","540611932","554638721","569333902","584668759","600606344","617082361","634044892","651493575","669455724","687955065","707012987","726646846","746853665","767619111","788938109","810825569","833364014","856290759","879774273","903645723","927792622","952222451","976937021","1001907585","1026987235","1052248383","1078169001","1104579321","1131436262","1158766391","1186608430","1214971001","1243918056","1273473714","1303576460","1334123193","1365346617","1396873820","1428462154","1460611248","1493491572","1527218864","1561828652","1597273748","1633561540","1670692565","1708606728","",
"mezcla de la AIF","IDB","Población, total","SP.POP.TOTL","120391642","123270998","126289838","129443834","132726682","136134348","139672971","143347860","147154758","151087339","155145837","159323709","163635977","168129765","172867304","177892039","183221937","188841826","194720560","200810543","207074946","213499720","220088448","226841896","233765810","240860675","248127780","255551895","263097505","270718966","278496624","286142541","293874928","301679823","309568084","317616125","325908669","334399195","342980973","351519915","360173395","368820674","377512139","386309887","395320129","404615733","414232540","424192620","434469632","444998547","456049577","467267685","478335316","489624577","501146189","512877239","524794580","536871945","549127807","561571929","574159138","",
"Indonesia","IDN","Población, total","SP.POP.TOTL","87751066","90098396","92518373","95015295","97596728","100267070","103025423","105865576","108779926","111758566","114793179","117880146","121017316","124199693","127422198","130680730","133966940","137278057","140621731","144009844","147447834","150938222","154468235","158009248","161523353","164982452","168374287","171702756","174975953","178209147","181413398","184591897","187739786","190851184","193917458","196934257","199901231","202826444","205724597","208615171","211513822","214427419","217357790","220309473","223285666","226289468","229318262","232374239","235469755","238620554","241834226","245115988","248451714","251805314","255128076","258383257","261556386","264650969","267670549","270625567","273523621","",
"Sólo AIF","IDX","Población, total","SP.POP.TOTL","259210418","265526695","272071878","278871888","285959851","293349272","301072561","309101659","317345497","325676248","334005180","342307872","350636431","359070757","367744628","376746682","386111965","395826933","405885784","416271818","426969946","437993855","449367276","461113169","473247177","485786171","498725885","512067216","525840604","540106603","554867390","570148218","585899345","601965900","618224538","634606326","651028352","667508390","684006262","700728468","717995606","735758647","753924123","772456504","791288301","810355268","829685516","849281094","869106828","889124646","909297040","929606135","950126838","970986671","992345383","1014341625","1037034072","1060401803","1084433733","1109120636","1134447590","",
"India","IND","Población, total","SP.POP.TOTL","450547675","459642166","469077191","478825602","488848139","499123328","509631509","520400577","531513834","543084333","555189797","567868021","581087255","594770136","608802595","623102900","637630085","652408766","667499815","682995348","698952837","715384997","732239498","749428958","766833411","784360012","801975250","819682095","837468938","855334675","873277799","891273202","909307018","927403866","945601828","963922586","982365248","1000900028","1019483586","1038058154","1056575548","1075000094","1093317187","1111523146","1129623466","1147609924","1165486291","1183209471","1200669762","1217726217","1234281163","1250287939","1265780243","1280842119","1295600768","1310152392","1324517250","1338676779","1352642283","1366417756","1380004385","",
"Irlanda","IRL","Población, total","SP.POP.TOTL","2828600","2824400","2836050","2852650","2866550","2877300","2888800","2902450","2915550","2932650","2957250","2992050","3036850","3085950","3137500","3189550","3238050","3282200","3329100","3373750","3412800","3453000","3485800","3510600","3532423","3538082","3539690","3540057","3524949","3511009","3513974","3534235","3558430","3576261","3590386","3608841","3637510","3674171","3712696","3754786","3805174","3866243","3931947","3996521","4070262","4159914","4273591","4398942","4489544","4535375","4560155","4580084","4599533","4623816","4657740","4701957","4755335","4807388","4867316","4934340","4985674","",
"Iraq","IRQ","Población, total","SP.POP.TOTL","7289753","7475349","7674217","7888910","8122199","8375795","8651162","8947397","9260687","9585585","9917978","10255853","10599661","10950888","11312062","11684579","12068675","12462059","12860678","13259107","13653348","14044115","14432466","14815653","15190396","15555807","15909764","16257072","16612319","16994942","17419113","17889457","18402740","18955087","19539348","20149342","20783073","21439579","22114330","22802061","23497589","24208178","24931922","25644503","26313838","26922279","27448124","27911242","28385739","28973157","29741977","30725305","31890012","33157061","34411949","35572269","36610632","37552789","38433604","39309789","40222503","",
"Israel","ISR","Población, total","SP.POP.TOTL","2114020","2185000","2293000","2379000","2475000","2563000","2629000","2745000","2803000","2877000","2974000","3069000","3148000","3278000","3377000","3455000","3533000","3613000","3690000","3786000","3878000","3956000","4031000","4105000","4159000","4233000","4299000","4369000","4442000","4518000","4660000","4949000","5123000","5261000","5399000","5545000","5692000","5836000","5971000","6125000","6289000","6439000","6570000","6689700","6809000","6930100","7053700","7180100","7308800","7485600","7623600","7765800","7910500","8059500","8215700","8380100","8546000","8713300","8882800","9054000","9215100","",
"Jordania","JOR","Población, total","SP.POP.TOTL","933102","973983","1010647","1050212","1102404","1173603","1267063","1378995","1500168","1617427","1721315","1809193","1883923","1948443","2007735","2065916","2123180","2179361","2237936","2303116","2377997","2464870","2563525","2671413","2784457","2900055","3015294","3131800","3256552","3399333","3565888","3760493","3977667","4201559","4410357","4588842","4732848","4848536","4943975","5031754","5122495","5217328","5317514","5434036","5580241","5765639","5991547","6255290","6556473","6893258","7261541","7662858","8089963","8518992","8918822","9266573","9554286","9785840","9965322","10101697","10203140","",
"Japón","JPN","Población, total","SP.POP.TOTL","93216000","94055000","94933000","95900000","96903000","97952000","98851000","99879000","101011000","102219000","103403000","105697000","107188000","108707000","110162000","111573000","112775000","113872000","114913000","115890000","116807000","117661000","118480000","119307000","120083000","120837000","121482000","122069000","122578000","123069000","123478000","123964000","124425000","124829000","125178000","125472000","125757000","126057000","126400000","126631000","126843000","127149000","127445000","127718000","127761000","127773000","127854000","128001000","128063000","128047000","128070000","127833000","127629000","127445000","127276000","127141000","126994511","126785797","126529100","126264931","125836021","",
"Kirguistán","KGZ","Población, total","SP.POP.TOTL","2172300","2255900","2333400","2413700","2495300","2573300","2655300","2736500","2818300","2894800","2959900","3022300","3088200","3153800","3223900","3292400","3358700","3423900","3487100","3552000","3617400","3685800","3759300","3838300","3916400","3990300","4066500","4144600","4218400","4307500","4391200","4463600","4515400","4516700","4515100","4560400","4628400","4696400","4769000","4840400","4898400","4945100","4990700","5043300","5104700","5162600","5218400","5268400","5318700","5383300","5447900","5514600","5607200","5719600","5835500","5956900","6079500","6198200","6322800","6456200","6579900","",
"Kiribati","KIR","Población, total","SP.POP.TOTL","41196","42234","43283","44342","45392","46429","47429","48403","49354","50267","51142","51979","52775","53558","54334","55114","55922","56759","57613","58469","59296","60101","60887","61736","62745","63989","65504","67244","69087","70849","72394","73692","74767","75711","76668","77716","78904","80188","81558","82969","84405","85844","87308","88840","90498","92319","94341","96531","98760","100928","102930","104735","106359","107887","109387","110927","112529","114153","115842","117608","119446","",
"Corea, República de","KOR","Población, total","SP.POP.TOTL","25012374","25765673","26513030","27261747","27984155","28704674","29435571","30130983","30838302","31544266","32240827","32882704","33505406","34103149","34692266","35280725","35848523","36411795","36969185","37534236","38123775","38723248","39326352","39910403","40405956","40805744","41213674","41621690","42031247","42449038","42869283","43295704","43747962","44194628","44641540","45092991","45524681","45953580","46286503","46616677","47008111","47370164","47644736","47892330","48082519","48184561","48438292","48683638","49054708","49307835","49554112","49936638","50199853","50428893","50746659","51014947","51217803","51361911","51585058","51764822","51836239","",
"República Democrática Popular Lao","LAO","Población, total","SP.POP.TOTL","2120892","2170340","2221123","2273352","2327137","2382586","2439197","2496927","2556845","2620448","2688429","2762264","2840842","2919288","2990963","3051583","3098962","3135839","3168838","3207331","3258149","3323353","3401193","3489910","3586315","3687889","3794204","3905530","4020817","4138845","4258471","4379234","4500346","4619946","4735837","4846477","4951189","5050308","5144601","5235339","5323701","5409584","5493247","5576640","5662199","5751675","5846075","5944950","6046630","6148621","6249168","6347564","6444527","6541302","6639763","6741160","6845848","6953031","7061498","7169456","7275556","",
"Líbano","LBN","Población, total","SP.POP.TOTL","1804935","1864613","1925295","1984999","2041231","2092374","2136617","2174732","2210769","2250454","2297436","2354046","2417837","2481943","2536772","2575746","2596409","2601734","2597202","2590911","2588928","2594299","2606148","2622072","2638056","2651992","2660873","2667957","2684682","2726438","2803032","2921700","3076133","3246129","3403359","3528379","3610663","3658425","3693514","3747762","3842774","3990999","4182205","4388378","4569377","4698761","4759760","4767347","4764745","4813026","4953064","5202022","5537620","5913016","6261046","6532681","6714281","6819373","6859408","6855709","6825442","",
"Libia","LBY","Población, total","SP.POP.TOTL","1448416","1498076","1550815","1607168","1667822","1733307","1803689","1878869","1958909","2043820","2133527","2228142","2327487","2430754","2536895","2645136","2754698","2865639","2979102","3096724","3219462","3347779","3480443","3614682","3746712","3873781","3994601","4109717","4220451","4328935","4436663","4544245","4650896","4755134","4854871","4948796","5036173","5118008","5196774","5275921","5357893","5443249","5531097","5620545","5710163","5798615","5886874","5974786","6058740","6133987","6197667","6247438","6285751","6320350","6362039","6418315","6492160","6580723","6678565","6777453","6871287","",
"Santa Lucía","LCA","Población, total","SP.POP.TOTL","89698","90718","91892","93214","94637","96138","97721","99370","101028","102599","104016","105244","106303","107311","108389","109634","111074","112685","114398","116148","117828","119435","120987","122571","124296","126246","128448","130868","133364","135787","138019","140001","141758","143402","145080","146871","148837","150920","153023","154988","156737","158184","159392","160530","161821","163408","165378","167644","170011","172223","174092","175538","176654","177505","178307","179131","180028","180955","181890","182795","183629","",
"Países menos desarrollados: clasificación de las Naciones Unidas","LDC","Población, total","SP.POP.TOTL","240454708","246047924","251832862","257838094","264101960","270646667","277496711","284630101","291965350","299390774","306831524","314257039","321707146","329263985","337046102","345142878","353588445","362368951","371467960","380850814","390496946","400410427","410619225","421154964","432058248","443361310","455060691","467154411","479674708","492660240","506129051","520111718","534575828","549399532","564416992","579513541","594629550","609808367","625164142","640865573","657030890","673713879","690867506","708388980","726127048","743981227","761918122","780000109","798338725","817092371","836378625","856228779","876617729","897536802","918959067","940860189","963241392","986099903","1009398577","1033088986","1057131013","",
"Liechtenstein","LIE","Población, total","SP.POP.TOTL","16501","16894","17300","17724","18170","18642","19160","19688","20237","20766","21268","21729","22161","22560","22985","23436","23933","24451","24968","25463","25881","26229","26533","26790","27028","27286","27552","27835","28135","28449","28790","29166","29552","29987","30415","30884","31354","31830","32306","32765","33184","33543","33885","34172","34444","34718","34975","35217","35469","35723","35996","36299","36615","36940","37219","37465","37655","37805","37918","38020","38137","",
"Sri Lanka","LKA","Población, total","SP.POP.TOTL","9874476","10111639","10352180","10597516","10849977","11110825","11380665","11657650","11937607","12214948","12485736","12747831","13002234","13252033","13501931","13755141","14012894","14273495","14533691","14788866","15035840","15272822","15501210","15724641","15948501","16176282","16408861","16643956","16878186","17106752","17325769","17535732","17736827","17924827","18094474","18242917","18367290","18470897","18564595","18663293","18777606","18911727","19062476","19224036","19387153","19544988","19695977","19842044","19983984","20123508","20261738","20398496","20425000","20585000","20778000","20970000","21203000","21444000","21670000","21803000","21919000","",
"Países de ingreso mediano bajo","LMC","Población, total","SP.POP.TOTL","989984004","1012695283","1036174880","1060393357","1085299211","1110852757","1137057458","1163922580","1191458095","1219673698","1248583279","1278208964","1308581612","1339744791","1371761160","1404677295","1438471529","1473161514","1508876331","1545785670","1583984211","1623540865","1664223803","1705941229","1748404026","1791342151","1834732208","1878529520","1922581048","1966720233","2012725416","2056479735","2100111594","2143451976","2186469992","2229481699","2272648448","2315905969","2359112024","2402132069","2445096607","2487900839","2530679514","2573512638","2616457516","2659559236","2702862046","2746406133","2790205950","2834272715","2878875404","2923659939","2968243908","3013187396","3058248975","3103569257","3149022555","3194517542","3240031866","3285416867","3330640847","",
"Región Administrativa Especial de Macao, China","MAC","Población, total","SP.POP.TOTL","167795","170466","176188","184245","193556","203224","213189","223416","233002","240837","246193","248745","248770","246945","244289","241631","239074","236669","235175","235440","238085","243373","251154","260921","271914","283490","295597","308181","320774","332783","343816","353623","362308","370195","377805","385517","393376","401353","409620","418388","427772","437928","448813","460157","471600","482863","493804","504504","515232","526401","538215","550833","564037","577368","590210","602093","612824","622578","631633","640446","649342","",
"Isla de San Martín (parte francesa)","MAF","Población, total","SP.POP.TOTL","3898","3996","4078","4179","4302","4471","4675","4922","5194","5461","5707","5945","6156","6370","6601","6882","7250","7713","8191","8557","8777","8675","8372","8296","9067","11066","14561","19274","24374","28723","31522","32441","31816","30194","28482","27320","26854","26910","27388","28122","28935","29847","30913","32055","33187","34252","35240","36138","36880","37380","37582","37451","37012","36458","36018","35865","36061","36569","37264","38002","38659","",
"Mónaco","MCO","Población, total","SP.POP.TOTL","22461","22813","23043","23165","23236","23289","23302","23292","23295","23348","23487","23721","24049","24445","24829","25203","25523","25811","26090","26391","26752","27162","27633","28091","28511","28836","29050","29156","29232","29309","29433","29629","29859","30145","30436","30731","31001","31268","31554","31836","32148","32474","32804","33144","33499","33842","34189","34524","34860","35223","35609","36025","36459","36899","37320","37723","38070","38392","38682","38967","39244","",
"Oriente Medio y Norte de África","MEA","Población, total","SP.POP.TOTL","105203230","108061826","111045418","114101578","117271192","120541198","123908187","127444919","131026902","134704201","138473057","142307871","146213398","150292311","154509840","158917282","163532333","168361040","173447050","178866336","184628581","190731389","197157155","203834175","210648804","217572797","224549836","231570125","238565130","245453236","254215127","261046286","265656639","272107854","278384977","286096967","292041169","297891711","303641719","309436718","315326781","321297196","327362274","333608806","340143477","347029862","354302465","361929175","369823227","377883960","385917928","393942668","401968363","409968633","417924350","425821771","433616042","441298977","448974232","456709496","464542370","",
"México","MEX","Población, total","SP.POP.TOTL","37771861","38966049","40195318","41462373","42771077","44123863","45519746","46956208","48431971","49945278","51493565","53076366","54689944","56324310","57966812","59607947","61242189","62869908","64494872","66123908","67761367","69407623","71058650","72709306","74352631","75983486","77599105","79200081","80788725","82368930","83943135","85512621","87075136","88625440","90156396","91663290","93147045","94611008","96056313","97484823","98899845","100298152","101684764","103081020","104514934","106005199","107560155","109170503","110815272","112463886","114092961","115695468","117274156","118827158","120355137","121858251","123333379","124777326","126190782","127575529","128932753","",
"Islas Marshall","MHL","Población, total","SP.POP.TOTL","14674","15056","15547","16111","16710","17282","17834","18383","18966","19617","20394","21305","22335","23440","24530","25579","26548","27479","28400","29417","30574","31883","33330","34881","36564","38331","40212","42168","44092","45827","47265","48403","49242","49828","50214","50454","50523","50453","50356","50418","50754","51411","52368","53465","54476","55257","55765","56046","56166","56255","56361","56524","56712","56933","57183","57444","57723","58053","58412","58791","59194","",
"Macedonia del Norte","MKD","Población, total","SP.POP.TOTL","1488670","1507647","1527109","1547449","1569139","1592437","1617797","1644949","1672399","1698150","1720805","1739529","1754951","1769002","1784400","1803008","1825559","1851070","1877690","1902718","1924203","1941527","1955247","1965892","1974413","1981536","1987538","1992278","1995508","1996863","1996218","1993304","1988659","1984024","1981713","1983259","1989441","1996869","2007523","2017142","2026350","2034882","2020157","2026773","2032544","2036855","2040228","2043559","2046898","2050671","2055004","2058539","2061044","2064032","2067471","2070226","2072490","2074502","2076217","2076694","2072531","",
"Myanmar","MMR","Población, total","SP.POP.TOTL","21736947","22211626","22697664","23198238","23717785","24259356","24823937","25410054","26015239","26635852","27269063","27913749","28570093","29238168","29918469","30611093","31314347","32026748","32748782","33481397","34224316","34976465","35734273","36491804","37241530","37977087","38698484","39404350","40085653","40731439","41335188","41890192","42401686","42889992","43383421","43901598","44452203","45027223","45611220","46181075","46719698","47225119","47702163","48148907","48564489","48949931","49301049","49621479","49929642","50250366","50600827","50990612","51413703","51852464","52280816","52680724","53045199","53382521","53708318","54045422","54409794","",
"Oriente Medio y Norte de África (excluido altos ingresos)","MNA","Población, total","SP.POP.TOTL","97553136","100147125","102808039","105546241","108376349","111307810","114351844","117503838","120739199","124023275","127335093","130670746","134051048","137511232","141099598","144855662","148781943","152881163","157192250","161761403","166616386","171766018","177185651","182825252","188614684","194494177","200443463","206447529","212456877","218415839","226259024","232101413","237828686","243429317","248897278","254233340","259431598","264504158","269440674","274350014","279279614","284249005","289264351","294343659","299502746","304755514","310109431","315573363","321168746","326900966","332777842","338813060","344998428","351290405","357629838","363975556","370294017","376588457","382955167","389457075","396147843","",
"Mongolia","MNG","Población, total","SP.POP.TOTL","955514","982181","1011327","1042387","1074518","1107121","1139962","1173186","1207104","1242213","1278819","1317042","1356673","1397305","1438421","1479646","1520868","1562207","1603910","1646290","1689622","1733475","1777727","1823214","1871089","1921889","1976313","2033351","2089709","2141005","2184139","2217918","2243495","2263196","2280475","2298017","2316571","2335744","2355667","2376228","2397417","2419594","2443261","2468765","2496394","2526429","2558854","2593819","2631899","2673794","2719902","2770357","2824698","2881783","2940111","2998433","3056358","3113788","3170214","3225166","3278292","",
"Mariana","MNP","Población, total","SP.POP.TOTL","9980","10243","10438","10591","10780","11023","11341","11723","12135","12577","13000","13423","13884","14322","14672","14917","15024","15049","15167","15640","16633","18168","20163","22622","25496","28719","32377","36371","40294","43542","45752","46662","46473","45763","45361","45872","47518","50052","52999","55633","57453","58319","58412","57954","57240","56547","55886","55215","54621","54194","53971","54013","54306","54786","55301","55779","56187","56553","56889","57213","57557","",
"Mozambique","MOZ","Población, total","SP.POP.TOTL","7184870","7342117","7507309","7679465","7857107","8039217","8225919","8417698","8614445","8816056","9022747","9232655","9446235","9668655","9906963","10165216","10443954","10738534","11041206","11341405","11630194","11913085","12189817","12439773","12636120","12764385","12808566","12786353","12758003","12805950","12987292","13328029","13805999","14370950","14948050","15483277","15960445","16397175","16813946","17244176","17711925","18221884","18764147","19331097","19910549","20493927","21080108","21673319","22276596","22894718","23531567","24187500","24862673","25560752","26286192","27042001","27829930","28649007","29496009","30366043","31255435","",
"Mauritania","MRT","Población, total","SP.POP.TOTL","850377","875586","901690","928742","956794","985907","1016093","1047345","1079580","1112749","1146776","1181659","1217443","1254156","1291857","1330594","1370364","1411139","1453028","1496174","1540644","1586496","1633655","1681859","1730737","1780033","1829678","1879756","1930427","1981902","2034347","2087914","2142645","2198538","2255520","2313630","2372900","2433567","2496217","2561584","2630217","2702405","2778097","2857150","2939246","3024198","3111908","3202512","3296237","3393408","3494200","3598646","3706555","3817497","3930894","4046304","4163532","4282582","4403312","4525698","4649660","",
"Mauricio","MUS","Población, total","SP.POP.TOTL","659351","680757","700349","718861","736381","753000","768813","783917","798413","812405","826000","839230","852053","864819","878042","892000","906507","921379","933499","949888","966039","980462","992521","1001691","1012221","1020528","1028360","1036082","1043239","1051260","1058775","1070266","1084441","1097374","1112846","1122457","1133996","1148284","1160421","1175267","1186873","1196287","1204621","1213370","1221003","1228254","1233996","1239630","1244121","1247429","1250400","1252404","1255882","1258653","1260934","1262605","1263473","1264613","1265303","1265711","1265740","",
"Malasia","MYS","Población, total","SP.POP.TOTL","8156342","8417821","8692337","8973791","9253827","9526558","9790083","10046321","10297983","10549395","10804131","11062434","11324277","11592638","11871102","12162189","12468688","12790313","13122833","13460035","13798094","14134060","14471215","14819430","15192300","15598924","16043736","16522004","17022470","17528961","18029824","18519941","19002660","19484901","19977508","20487604","21017619","21562790","22114647","22661293","23194252","23709115","24208391","24698821","25190647","25690615","26201954","26720367","27236003","27735038","28208028","28650962","29068189","29468923","29866606","30270965","30684652","31104655","31528033","31949789","32365998","",
"Namibia","NAM","Población, total","SP.POP.TOTL","634138","649274","665119","681633","698797","716588","734866","753683","773428","794588","817474","842353","868954","896264","922900","947925","971117","992955","1014055","1035379","1057723","1080938","1105103","1131624","1162282","1198149","1239923","1286796","1336545","1386011","1432899","1476399","1516951","1555098","1591826","1627866","1663378","1698029","1731635","1763861","1794583","1823667","1851519","1879113","1907737","1938316","1971318","2006516","2043382","2081039","2118877","2156698","2194777","2233506","2273426","2314901","2358044","2402623","2448300","2494524","2540916","",
"Nigeria","NGA","Población, total","SP.POP.TOTL","45138460","46063570","47029818","48032932","49066762","50127920","51217969","52342231","53506201","54717035","55982142","57296988","58665813","60114615","61677167","63374289","65221379","67203134","69271915","71361141","73423646","75440505","77427539","79414841","81448757","83562776","85766396","88048029","90395278","92788039","95212454","97667632","100161708","102700751","105293701","107948339","110668784","113457661","116319763","119260055","122283853","125394046","128596079","131900634","135320420","138865014","142538305","146339971","150269622","154324939","158503203","162805080","167228803","171765819","176404931","181137454","185960244","190873247","195874685","200963603","206139587","",
"Nicaragua","NIC","Población, total","SP.POP.TOTL","1773132","1829772","1887426","1946240","2006478","2068379","2131973","2197303","2264623","2334285","2406523","2481345","2558705","2638699","2721417","2806859","2894967","2985480","3077861","3171404","3265520","3360142","3455129","3549711","3642978","3734343","3823133","3909672","3995529","4082958","4173435","4267570","4364514","4462496","4559010","4652185","4741571","4827658","4910642","4991041","5069310","5145367","5219324","5292115","5364930","5438692","5513757","5590066","5667436","5745538","5824058","5903035","5982530","6062462","6142734","6223234","6303970","6384843","6465502","6545503","6624554","",
"Países Bajos","NLD","Población, total","SP.POP.TOTL","11486631","11638712","11805689","11965966","12127120","12294732","12456251","12598201","12729721","12877984","13038526","13194497","13328593","13439322","13545056","13666335","13774037","13856185","13941700","14038270","14149800","14247208","14312690","14367070","14424211","14491632","14572278","14665037","14760094","14848907","14951510","15069798","15184166","15290368","15382838","15459006","15530498","15610650","15707209","15812088","15925513","16046180","16148929","16225302","16281779","16319868","16346101","16381696","16445593","16530388","16615394","16693074","16754962","16804432","16865008","16939923","17030314","17131296","17231624","17344874","17441500","",
"Noruega","NOR","Población, total","SP.POP.TOTL","3581239","3609800","3638918","3666537","3694339","3723168","3753012","3784539","3816486","3847707","3875763","3903039","3933004","3960612","3985258","4007313","4026152","4043205","4058671","4072517","4085620","4099702","4114787","4128432","4140099","4152516","4167354","4186905","4209488","4226901","4241473","4261732","4286401","4311991","4336613","4359184","4381336","4405157","4431464","4461913","4490967","4513751","4538159","4564855","4591910","4623291","4660677","4709153","4768212","4828726","4889252","4953088","5018573","5079623","5137232","5188607","5234519","5276968","5311916","5347896","5379475","",
"Nepal","NPL","Población, total","SP.POP.TOTL","10105060","10267260","10433147","10604620","10783958","10972912","11172530","11382965","11603921","11834657","12074628","12323984","12583142","12852205","13131260","13420367","13719466","14028535","14347653","14676932","15016408","15367229","15729431","16100623","16477488","16858315","17239677","17623697","18020755","18445021","18905480","19405506","19938322","20489973","21040899","21576074","22090352","22584772","23057875","23509971","23941099","24347113","24725625","25080880","25419337","25744500","26066687","26382586","26666581","26883531","27013207","27041220","26989160","26916795","26905982","27015033","27263430","27632682","28095712","28608715","29136808","",
"Nueva Zelandia","NZL","Población, total","SP.POP.TOTL","2371800","2419700","2482000","2531800","2585400","2628400","2675900","2724100","2748100","2772800","2810700","2853000","2903900","2961300","3023700","3083100","3110500","3120200","3121200","3109000","3112900","3124900","3156100","3199300","3227100","3247100","3246300","3274400","3283400","3299200","3329800","3495100","3531700","3572200","3620000","3673400","3732000","3781300","3815000","3835100","3857700","3880500","3948500","4027200","4087500","4133900","4184600","4223800","4259800","4302600","4350700","4384000","4408100","4442100","4516500","4609400","4714100","4813600","4900600","4979300","5084300","",
"Miembros OCDE","OED","Población, total","SP.POP.TOTL","809413164","820690358","832204126","843700013","855187441","866357882","877034871","887433263","897619456","907848349","917970733","929959388","940747243","951245160","961564535","971664215","981155050","990517797","999924442","1009488956","1018954080","1028314741","1037309705","1045955467","1054256534","1062613469","1071150369","1079711152","1088387125","1097531158","1107196961","1117820520","1128349539","1138362949","1147748534","1156879819","1165880992","1174865635","1183546848","1192267323","1200836415","1209787876","1218855820","1227854277","1236872189","1245821323","1255133872","1264614793","1274522708","1283634878","1292110708","1298723126","1306807834","1315224394","1324034852","1332787383","1341701902","1350048377","1357997747","1364906735","1372683615","",
"Omán","OMN","Población, total","SP.POP.TOTL","551735","564891","578827","593498","608890","625006","642007","660117","679592","700725","723842","748968","776385","806985","841952","882038","927434","977804","1032797","1091858","1154373","1220578","1290121","1361085","1431066","1498413","1561180","1619871","1678119","1741155","1812158","1893761","1983272","2072106","2148416","2204267","2236652","2249759","2251859","2254898","2267973","2294959","2334860","2386164","2445524","2511254","2580753","2657162","2750956","2876186","3041435","3251102","3498031","3764805","4027255","4267341","4479217","4665926","4829476","4974992","5106622","",
"Otros Estados pequeos","OSS","Población, total","SP.POP.TOTL","9151857","9315834","9485194","9659416","9840401","10026023","10214282","10406007","10606217","10813719","11029164","11255188","11488070","11725338","11968057","12219420","12475005","12737700","13008020","13294824","13598547","13917150","14253285","14600166","14962369","15347574","15754491","16180206","16610046","17031505","17430785","17813808","18156582","18476080","18801091","19125038","19460551","19809591","20163900","20540135","20917080","21276754","21639144","22018460","22442097","22929069","23486191","24104686","24762404","25417810","26050929","26647965","27227313","27794594","28364446","28948893","29542903","30148954","30760469","31361216","31929881","",
"Pakistán","PAK","Población, total","SP.POP.TOTL","44988690","46065229","47198886","48387293","49627623","50917975","52260183","53655783","55102690","56598148","58142062","59734479","61381982","63099404","64905996","66816875","68834324","70958168","73197254","75561128","78054346","80680461","83431597","86285936","89213708","92191505","95215375","98285762","101389603","104512874","107647918","110778655","113911126","117086680","120362764","123776835","127349293","131057432","134843233","138624625","142343583","145978408","149549695","153093371","156664698","160304007","164022626","167808106","171648984","175525610","179424643","183340168","187280125","191260799","195305012","199426953","203631356","207906210","212228288","216565317","220892331","",
"Perú","PER","Población, total","SP.POP.TOTL","10155011","10446618","10749463","11062295","11383364","11711402","12045783","12386868","12735491","13092846","13459789","13836365","14221954","14615847","15017060","15424745","15838568","16258323","16683451","17113393","17547612","17985398","18426420","18870988","19319746","19772871","20230385","20691285","21153462","21614193","22071433","22522383","22966822","23408135","23851405","24299168","24753825","25210957","25658070","26078295","26459944","26799289","27100964","27372217","27624226","27866140","28102055","28333050","28562321","28792663","29027680","29264314","29506790","29773986","30090372","30470739","30926036","31444299","31989265","32510462","32971846","",
"Filipinas","PHL","Población, total","SP.POP.TOTL","26269741","27161052","28077345","29012630","29958687","30909997","31864175","32823970","33795203","34786309","35803591","36849678","37923400","39022759","40144250","41285741","42446659","43629415","44838485","46079844","47357741","48672831","50023564","51408910","52827047","54275836","55755346","57263835","58794999","60340768","61895169","63454785","65020124","66593904","68180846","69784087","71401743","73030879","74672009","76325927","77991757","79672869","81365260","83051970","84710544","86326251","87888675","89405482","90901967","92414161","93966784","95570049","97212639","98871558","100513137","102113206","103663812","105172921","106651394","108116622","109581085","",
"Palau","PLW","Población, total","SP.POP.TOTL","9769","10046","10329","10566","10792","11005","11178","11329","11460","11617","11803","12051","12342","12625","12823","12898","12835","12646","12409","12231","12178","12281","12519","12842","13190","13534","13835","14121","14400","14704","15063","15442","15859","16285","16735","17158","17599","18016","18409","18773","19104","19390","19642","19812","19861","19784","19545","19159","18708","18290","17954","17748","17635","17603","17625","17665","17718","17809","17911","18001","18092","",
"Papua Nueva Guinea","PNG","Población, total","SP.POP.TOTL","2255858","2297052","2340349","2385943","2434220","2485433","2539683","2596820","2656636","2718805","2783132","2849522","2918138","2989201","3063051","3139944","3219825","3302636","3388631","3478093","3571209","3668102","3768489","3871490","3975950","4081022","4186499","4292575","4399320","4506996","4615843","4725543","4836216","4949053","5065664","5187063","5314258","5446633","5581767","5716166","5847590","5974627","6098621","6223378","6354247","6494902","6646891","6808503","6976200","7144774","7310512","7472196","7631003","7788388","7946733","8107772","8271766","8438038","8606324","8776119","8947027","",
"previa al dividendo demográfico","PRE","Población, total","SP.POP.TOTL","187617086","191889668","196349130","200997696","205835402","210865011","216096182","221539857","227201766","233087196","239204922","245537967","252097876","258953399","266195192","273877853","282049633","290664978","299570039","308551498","317462476","326257709","335003783","343806080","352822095","362177648","371878713","381918442","392393113","403416174","415057402","427398546","440397744","453849671","467465268","481049536","494517689","507968951","521617701","535773383","550660000","566366083","582828758","599938100","617518659","635451626","653695057","672318862","691447634","711257518","731868780","753326898","775573262","798496024","821931559","845759372","869943573","894512378","919485090","944902748","970795671","",
"Puerto Rico","PRI","Población, total","SP.POP.TOTL","2358000","2399722","2450322","2504530","2554066","2594000","2624995","2645674","2662064","2684150","2718000","2762190","2817256","2878786","2939299","2994000","3043854","3088690","3129421","3168088","3206000","3242552","3277453","3311138","3344190","3377000","3409554","3441850","3473898","3505650","3537000","3562110","3585176","3615497","3649237","3683103","3724655","3759430","3781101","3800081","3810605","3818774","3823701","3826095","3826878","3821362","3805214","3782995","3760866","3740410","3721525","3678732","3634488","3593077","3534874","3473232","3406672","3325286","3193354","3193694","3281538","",
"Corea, República Popular Democrática de","PRK","Población, total","SP.POP.TOTL","11424189","11665592","11871726","12065468","12282417","12547524","12864947","13222703","13609976","14010339","14410391","14809518","15207765","15593353","15952077","16274737","16554744","16796568","17015984","17235668","17472144","17731229","18008568","18298212","18590142","18877226","19156791","19431992","19708316","19993757","20293057","20609151","20937407","21265832","21577979","21862300","22113428","22335263","22536754","22731470","22929078","23132982","23339453","23542434","23732740","23904167","24054866","24188330","24310143","24428340","24548840","24673392","24800638","24929500","25057793","25183832","25307665","25429816","25549606","25666158","25778815","",
"Portugal","PRT","Población, total","SP.POP.TOTL","8857716","8929316","8993985","9030355","9035365","8998595","8930990","8874520","8836650","8757705","8680431","8643756","8630430","8633100","8754365","9093470","9355810","9455675","9558250","9661265","9766312","9851362","9911771","9957865","9996232","10023613","10032734","10030031","10019610","10005000","9983218","9960235","9952494","9964675","9991525","10026176","10063945","10108977","10160196","10217828","10289898","10362722","10419631","10458821","10483861","10503330","10522288","10542964","10558177","10568247","10573100","10557560","10514844","10457295","10401062","10358076","10325452","10300300","10283822","10286263","10297081","",
"Paraguay","PRY","Población, total","SP.POP.TOTL","1903990","1954552","2006675","2060340","2115573","2172309","2230733","2290797","2351926","2413396","2474757","2535877","2597149","2659418","2723816","2791236","2861868","2935710","3013281","3095151","3181627","3272922","3368763","3468533","3571275","3676206","3783074","3891725","4001678","4112396","4223413","4334348","4445019","4555518","4666096","4776838","4887638","4998096","5107840","5216346","5323202","5428442","5531958","5632983","5730556","5824095","5913212","5998430","6081296","6163970","6248017","6333981","6421510","6510273","6599524","6688746","6777878","6867058","6956069","7044639","7132530","",
"posterior al dividendo demográfico","PST","Población, total","SP.POP.TOTL","755229793","764423461","773856028","783141819","792263980","801098720","809363152","817179925","824733296","832280859","839822017","849163924","857079422","864609745","871928836","878890622","885145869","891251760","897391855","903788370","909890607","915971623","921511883","926614804","931410415","936241263","941376248","946671291","952173528","958081653","964174249","970997843","977879331","984374978","990074232","995310446","1000603285","1005700631","1010593820","1015421531","1020504874","1025401797","1030561691","1035711715","1041075191","1046366703","1052054839","1057981930","1064394135","1069876237","1074863836","1077830451","1082356457","1087107539","1092062242","1096949064","1101834188","1105944163","1109728820","1112774428","1116984877","",
"Qatar","QAT","Población, total","SP.POP.TOTL","47383","51427","56266","61721","67562","73631","79850","86298","93206","100880","109521","119413","130505","142181","153624","164314","173716","182319","191947","205172","223622","247984","277229","309299","341272","370886","397739","422154","443611","461688","476275","487354","495403","501479","507044","513447","522531","535320","551566","570486","592467","615013","640872","681791","753332","865410","1022704","1218441","1436670","1654944","1856329","2035862","2196078","2336579","2459202","2565708","2654379","2724727","2781682","2832071","2881060","",
"Rwanda","RWA","Población, total","SP.POP.TOTL","2935575","2998334","3052937","3105417","3164258","3235536","3321674","3420897","3529839","3643237","3757351","3871428","3987223","4106411","4231579","4364709","4506109","4655386","4812872","4978812","5153314","5329250","5504847","5690989","5902847","6146884","6443748","6779981","7088194","7276983","7288883","7083928","6702239","6263758","5936253","5836490","6013112","6419898","6962800","7501238","7933688","8231150","8427061","8557160","8680516","8840220","9043342","9273759","9524532","9782770","10039338","10293333","10549668","10811538","11083629","11369066","11668829","11980960","12301969","12626938","12952209","",
"Asia meridional","SAS","Población, total","SP.POP.TOTL","572839530","584939711","597494450","610498308","623943328","637823175","652144171","666908586","682102192","697706091","713711358","730107660","746911710","764174968","781966557","800335570","819292532","838819900","858901743","879510842","900620583","922226632","944315173","966836458","989728262","1012942302","1036437878","1060208544","1084281159","1108702366","1133495194","1158655616","1184133340","1209847774","1235693864","1261587780","1287476203","1313346375","1339202700","1365067953","1390946065","1416822995","1442644044","1468324423","1493757846","1518861546","1543610686","1568003175","1592010815","1615610187","1638792927","1661532158","1683740452","1705761545","1727632022","1749417067","1771187426","1792883164","1814455018","1835776769","1856882402","",
"Arabia Saudita","SAU","Población, total","SP.POP.TOTL","4086534","4218852","4362788","4516540","4677304","4843632","5015353","5195124","5387822","5599909","5836388","6100631","6392973","6711922","7054532","7419486","7802928","8207695","8646845","9137928","9691471","10311771","10988851","11701132","12418836","13118998","13794167","14445663","15070082","15666289","16233786","16772695","17282686","17763297","18214475","18638790","19033843","19407138","19783301","20194531","20663840","21202646","21805322","22456645","23132686","23816175","24498313","25184589","25888535","26630303","27421468","28267591","29154906","30052058","30916603","31717676","32443443","33101183","33702757","34268529","34813867","",
"Senegal","SEN","Población, total","SP.POP.TOTL","3206757","3295280","3386803","3481654","3580241","3682879","3789381","3899648","4014107","4133324","4257508","4387532","4522886","4660726","4797188","4929846","5057375","5181505","5306685","5439069","5583157","5740441","5909734","6089567","6277420","6471329","6670665","6875746","7086624","7303511","7526306","7755503","7990090","8226749","8461066","8690155","8912872","9130876","9347777","9568717","9797731","10036102","10283694","10541470","10810086","11090123","11382272","11687078","12004700","12335092","12678143","13033814","13401990","13782429","14174740","14578450","14993514","15419354","15854324","16296362","16743930","",
"Singapur","SGP","Población, total","SP.POP.TOTL","1646400","1702400","1750200","1795000","1841600","1886900","1934400","1977600","2012000","2042500","2074507","2112900","2152400","2193000","2229800","2262600","2293300","2325300","2353600","2383500","2413945","2532835","2646466","2681061","2732221","2735957","2733373","2774789","2846108","2930901","3047132","3135083","3230698","3313471","3419048","3524506","3670704","3796038","3927213","3958723","4027887","4138012","4175950","4114826","4166664","4265762","4401365","4588599","4839396","4987573","5076732","5183688","5312437","5399162","5469724","5535002","5607283","5612253","5638676","5703569","5685807","",
"Islas Salomón","SLB","Población, total","SP.POP.TOTL","117847","121385","125040","128838","132766","136815","140995","145319","149887","154830","160240","166163","172550","179306","186297","193401","200602","207885","215299","222841","230550","238423","246451","254566","262691","270787","278834","286871","294976","303272","311869","320781","330004","339501","349273","359276","369517","379998","390702","401592","412665","423949","435434","447016","458549","469918","481086","492133","503366","515182","527861","541522","556066","571329","587079","603133","619438","636030","652856","669821","686878","",
"Sierra Leona","SLE","Población, total","SP.POP.TOTL","2317638","2352370","2388759","2426864","2466671","2508226","2551580","2596798","2644011","2693344","2744890","2798727","2854866","2913347","2974105","3037158","3102595","3170503","3240841","3313506","3388494","3464113","3540164","3619854","3707513","3805304","3916685","4038154","4156636","4254434","4319763","4348663","4347727","4328965","4309780","4303953","4312660","4335295","4381484","4462374","4584570","4754069","4965770","5201074","5433995","5645629","5829240","5989641","6133599","6272735","6415636","6563238","6712586","6863975","7017153","7171909","7328846","7488427","7650149","7813207","7976985","",
"El Salvador","SLV","Población, total","SP.POP.TOTL","2766319","2846601","2931187","3019224","3109571","3201310","3293954","3387384","3481624","3576834","3673066","3770060","3867310","3964273","4060255","4154689","4247508","4338451","4426679","4511127","4591135","4666361","4737256","4804936","4871041","4936803","5002339","5067531","5133273","5200608","5270074","5342190","5416327","5490478","5561916","5628602","5689943","5746288","5797764","5844834","5887930","5927001","5962139","5994075","6023801","6052124","6079395","6105810","6131767","6157678","6183877","6210567","6237922","6266076","6295124","6325121","6356137","6388124","6420740","6453550","6486201","",
"San Marino","SMR","Población, total","SP.POP.TOTL","15440","15836","16255","16669","17101","17508","17919","18309","18668","18980","19224","19393","19490","19561","19661","19829","20086","20397","20764","21122","21453","21761","22043","22295","22546","22794","23046","23297","23548","23833","24124","24454","24830","25208","25588","25925","26253","26563","26851","27141","27460","27818","28175","28561","28942","29324","29694","30068","30434","30825","31221","31655","32103","32554","32941","33270","33503","33671","33784","33864","33938","",
"Somalia","SOM","Población, total","SP.POP.TOTL","2755967","2814125","2874215","2936478","3001160","3068465","3143654","3227835","3312735","3386736","3444569","3472357","3479792","3512626","3632986","3880285","4278974","4802134","5375018","5892763","6281138","6511115","6608040","6618594","6614713","6648628","6736751","6862267","7005226","7133263","7225089","7274026","7295380","7315864","7372592","7491647","7682683","7936122","8235064","8553595","8872250","9186719","9501335","9815412","10130251","10446856","10763904","11080122","11397188","11717691","12043886","12376305","12715487","13063711","13423571","13797204","14185635","14589165","15008225","15442906","15893219","",
"África al sur del Sahara (excluido altos ingresos)","SSA","Población, total","SP.POP.TOTL","227191484","232524118","238077562","243848199","249827334","256012349","262405783","269022493","275886412","283028136","290472633","298229780","306303621","314704612","323442396","332524189","341958433","351746974","361877306","372341551","383124954","394217957","405624485","417361377","429457197","441922760","454770025","467984604","481525582","495338255","509382368","523656521","538175676","552948132","567997865","583337983","598991357","614977022","631321857","648067928","665246457","682874821","700982474","719633384","738900772","758841806","779482246","800823534","822858534","845567911","868935345","892958422","917637577","942949525","968866993","995365079","1022435568","1050066967","1078222750","1106860245","1135948313","",
"África al sur del Sahara","SSF","Población, total","SP.POP.TOTL","227233184","232567007","238121604","243893375","249873656","256059849","262454482","269072404","275937546","283080501","290526233","298284475","306359650","314761504","323500333","332583481","342018937","351808760","361939456","372404237","383188215","394281992","405688898","417425712","429521914","441988004","454835677","468053103","481594337","495407422","509451875","523726960","538246439","553020385","568072070","583413287","599067774","615054341","631400703","648148338","665327588","682956023","701066197","719716165","738983247","758924664","779566846","800908567","822945490","845655209","869025115","893045863","917725880","943039474","968958352","995458498","1022530245","1050162810","1078319512","1106957870","1136046775","",
"Santo Tomé y Príncipe","STP","Población, total","SP.POP.TOTL","64294","64597","64478","64237","64278","64884","66172","68039","70258","72501","74570","76344","77930","79463","81148","83134","85475","88102","90846","93458","95788","97767","99478","101064","102826","104926","107429","110259","113288","116313","119211","121949","124574","127066","129426","131679","133799","135831","137855","139964","142264","144760","147450","150405","153736","157472","161676","166297","171122","175877","180372","184521","188394","192076","195727","199439","203221","207086","211032","215048","219161","",
"República Eslovaca","SVK","Población, total","SP.POP.TOTL","4068095","4191667","4238188","4282017","4327341","4370983","4411666","4449367","4483915","4518607","4538223","4557449","4596622","4641445","4689623","4739105","4789507","4840501","4890125","4938973","4979815","5016105","5055099","5091971","5127097","5161768","5193838","5222840","5250596","5275942","5299187","5303294","5305016","5325305","5346331","5361999","5373361","5383291","5390516","5396020","5388720","5378867","5376912","5373374","5372280","5372807","5373054","5374622","5379233","5386406","5391428","5398384","5407579","5413393","5418649","5423801","5430798","5439232","5446771","5454147","5458827","",
"Eslovenia","SVN","Población, total","SP.POP.TOTL","1584720","1594131","1603649","1616971","1632114","1649160","1669905","1689528","1704546","1713874","1724891","1738335","1752233","1766697","1776132","1793581","1820249","1842377","1862548","1882599","1901315","1906531","1910334","1922321","1932154","1941641","1965964","1989776","1995196","1996351","1998161","1999429","1996498","1991746","1989443","1989872","1988628","1985956","1981629","1983045","1988925","1992060","1994530","1995733","1997012","2000474","2006868","2018122","2021316","2039669","2048583","2052843","2057159","2059953","2061980","2063531","2065042","2066388","2073894","2088385","2102419","",
"Sint Maarten (Dutch part)","SXM","Población, total","SP.POP.TOTL","2833","3077","3367","3703","4063","4460","4895","5362","5857","6354","6854","7372","7892","8429","8977","9556","10147","10791","11481","12244","13097","14030","15032","16175","17517","19127","21028","23157","25334","27280","28814","29852","30458","30765","30950","31164","31434","31731","31240","31084","30519","30600","30777","31472","32488","33011","33441","33811","33964","34238","34056","33435","34640","36607","37685","38825","39969","40574","40895","41608","42310","",
"Seychelles","SYC","Población, total","SP.POP.TOTL","41700","42889","44042","45176","46322","47500","48699","49911","51134","52365","53600","54695","56029","56892","57937","59292","60504","61786","62150","62686","63261","64035","64413","64335","64717","65244","65652","68499","68755","69167","69507","70439","70763","72253","74205","75304","76417","77319","78846","80410","81131","81202","83723","82781","82475","82858","84600","85033","86956","87298","89770","87441","88303","89949","91359","93419","94677","95843","96762","97625","98462","",
"Islas Turcas y Caicos","TCA","Población, total","SP.POP.TOTL","5825","5867","5884","5870","5851","5814","5783","5766","5746","5765","5837","5973","6156","6380","6610","6832","7020","7193","7380","7607","7894","8243","8654","9096","9556","9974","10365","10717","11091","11550","12115","12815","13639","14526","15399","16221","16930","17566","18228","19069","20171","21578","23230","25008","26709","28181","29394","30383","31200","31933","32658","33371","34067","34733","35371","35979","36558","37116","37667","38194","38718","",
"Chad","TCD","Población, total","SP.POP.TOTL","3001604","3060365","3121226","3183576","3246527","3309583","3372182","3434817","3499370","3568402","3643608","3726189","3815253","3907891","3999918","4088568","4173131","4255242","4337292","4422743","4514427","4612858","4718157","4832316","4957561","5095400","5247281","5412844","5589624","5773930","5963250","6157085","6356741","6563925","6781057","7010159","7250974","7503494","7770053","8053532","8355654","8678049","9019226","9373913","9734761","10096630","10457122","10818031","11183589","11560142","11952134","12360986","12784748","13220433","13663562","14110971","14561658","15016761","15477727","15946882","16425859","",
"Togo","TGO","Población, total","SP.POP.TOTL","1580508","1597523","1612761","1631758","1662073","1708631","1774020","1855450","1945777","2034902","2115522","2185667","2247578","2303344","2356620","2410451","2464424","2518454","2576293","2642693","2720835","2812312","2915618","3026980","3140840","3252997","3363040","3471738","3577469","3678567","3774310","3862998","3945902","4029044","4120615","4226293","4348808","4485945","4632451","4780455","4924406","5062571","5197040","5330629","5467770","5611643","5762881","5920360","6083417","6250840","6421674","6595939","6773807","6954721","7137997","7323162","7509952","7698476","7889095","8082359","8278737","",
"Tayikistán","TJK","Población, total","SP.POP.TOTL","2087053","2159134","2236564","2318252","2402473","2487975","2574506","2662257","2750932","2840265","2930108","3020419","3111284","3203035","3296092","3390941","3487658","3586516","3688411","3794457","3905443","4020818","4140297","4265278","4397563","4537820","4687328","4843997","5001172","5149872","5283811","5400636","5502490","5593317","5679169","5764806","5851354","5938404","6027395","6119664","6216329","6318510","6426861","6541550","6662391","6789318","6922590","7062667","7209924","7364752","7527397","7697507","7874838","8059782","8252828","8454019","8663575","8880270","9100847","9321023","9537642","",
"Turkmenistán","TKM","Población, total","SP.POP.TOTL","1603254","1658364","1715408","1773854","1833065","1892596","1952144","2011762","2071793","2132800","2195165","2258965","2324019","2390212","2457379","2525374","2594315","2664262","2734899","2805817","2876809","2947783","3019064","3091510","3166215","3244024","3324462","3407310","3493892","3585867","3683978","3789188","3899843","4010789","4115105","4207841","4287337","4355125","4413477","4466133","4516128","4564087","4610018","4655752","4703396","4754652","4810114","4870142","4935765","5007953","5087211","5174076","5267906","5366376","5466324","5565283","5662371","5757667","5850902","5942094","6031187","",
"Oriente Medio y Norte de África (BIRF y la AIF)","TMN","Población, total","SP.POP.TOTL","97553136","100147125","102808039","105546241","108376349","111307810","114351844","117503838","120739199","124023275","127335093","130670746","134051048","137511232","141099598","144855662","148781943","152881163","157192250","161761403","166616386","171766018","177185651","182825252","188614684","194494177","200443463","206447529","212456877","218415839","224280776","230032568","235665095","241166641","246530980","251758674","256843601","261797640","266664106","271501583","276357461","281251221","286188978","291188690","296266120","301435118","306703097","312078867","317576769","323211867","328991681","334930074","341018430","347213697","353456440","359705464","365926929","372133652","378386080","384771769","391344574","",
"Asia meridional (BIRF y la AIF)","TSA","Población, total","SP.POP.TOTL","572839530","584939711","597494450","610498308","623943328","637823175","652144171","666908586","682102192","697706091","713711358","730107660","746911710","764174968","781966557","800335570","819292532","838819900","858901743","879510842","900620583","922226632","944315173","966836458","989728262","1012942302","1036437878","1060208544","1084281159","1108702366","1133495194","1158655616","1184133340","1209847774","1235693864","1261587780","1287476203","1313346375","1339202700","1365067953","1390946065","1416822995","1442644044","1468324423","1493757846","1518861546","1543610686","1568003175","1592010815","1615610187","1638792927","1661532158","1683740452","1705761545","1727632022","1749417067","1771187426","1792883164","1814455018","1835776769","1856882402","",
"África al sur del Sahara (BIRF y la AIF)","TSS","Población, total","SP.POP.TOTL","227233184","232567007","238121604","243893375","249873656","256059849","262454482","269072404","275937546","283080501","290526233","298284475","306359650","314761504","323500333","332583481","342018937","351808760","361939456","372404237","383188215","394281992","405688898","417425712","429521914","441988004","454835677","468053103","481594337","495407422","509451875","523726960","538246439","553020385","568072070","583413287","599067774","615054341","631400703","648148338","665327588","682956023","701066197","719716165","738983247","758924664","779566846","800908567","822945490","845655209","869025115","893045863","917725880","943039474","968958352","995458498","1022530245","1050162810","1078319512","1106957870","1136046775","",
"Trinidad y Tobago","TTO","Población, total","SP.POP.TOTL","847973","864814","879436","891948","902620","911742","919218","925233","930792","937184","945357","955753","968136","982006","996479","1010934","1025104","1039210","1053560","1068644","1084743","1101983","1120019","1138071","1155083","1170296","1183382","1194532","1204150","1212858","1221121","1229108","1236685","1243605","1249527","1254200","1257547","1259838","1261699","1263927","1267159","1271627","1277210","1283564","1290115","1296497","1302552","1308450","1314449","1320921","1328144","1336180","1344814","1353708","1362337","1370332","1377563","1384060","1389841","1394969","1399491","",
"Túnez","TUN","Población, total","SP.POP.TOTL","4178235","4238141","4305477","4380074","4461111","4547941","4640995","4740526","4845220","4953379","5063805","5176290","5291335","5409338","5530978","5656912","5786482","5919958","6060158","6210756","6374040","6551232","6740520","6937332","7135265","7329590","7517854","7700733","7880333","8060211","8242509","8427851","8613855","8795934","8967916","9125400","9267335","9395119","9509862","9613587","9708347","9793915","9871261","9945282","10022278","10106778","10201211","10304729","10414425","10525691","10635245","10741872","10846993","10952949","11063195","11179951","11303942","11433438","11565203","11694721","11818618","",
"Uganda","UGA","Población, total","SP.POP.TOTL","6767092","6983824","7215799","7461636","7719108","7986062","8263434","8550444","8841156","9127855","9405606","9671856","9929644","10186452","10453029","10737403","11042975","11368618","11712540","12071140","12442333","12825084","13221991","13638729","14082870","14559357","15070319","15612754","16180129","16763041","17354395","17953534","18561668","19175986","19793541","20413157","21032817","21655392","22290787","22952406","23650159","24388974","25167261","25980547","26821300","27684590","28571475","29486335","30431734","31411096","32428164","33476772","34558700","35694519","36911530","38225447","39649173","41166588","42729032","44269587","45741000","",
"Estados Unidos","USA","Población, total","SP.POP.TOTL","180671000","183691000","186538000","189242000","191889000","194303000","196560000","198712000","200706000","202677000","205052000","207661000","209896000","211909000","213854000","215973000","218035000","220239000","222585000","225055000","227225000","229466000","231664000","233792000","235825000","237924000","240133000","242289000","244499000","246819000","249623000","252981000","256514000","259919000","263126000","266278000","269394000","272657000","275854000","279040000","282162411","284968955","287625193","290107933","292805298","295516599","298379912","301231207","304093966","306771529","309327143","311583481","313877662","316059947","318386329","320738994","323071755","325122128","326838199","328329953","331501080","",
"Uzbekistán","UZB","Población, total","SP.POP.TOTL","8526299","8813619","9113629","9428906","9762819","10116870","10493441","10889499","11294666","11694843","12080311","12446444","12796982","13140797","13491114","13857469","14242766","14643881","15057226","15476928","15898760","16321692","16747428","17177663","17615037","18061283","18515579","18976411","19443890","19918119","20510000","20952000","21449000","21942000","22377000","22785000","23225000","23667000","24051000","24311650","24650400","24964450","25271850","25567650","25864350","26167000","26488250","26868000","27302800","27767400","28562400","29339400","29774500","30243200","30757700","31298900","31847900","32388600","32956100","33580350","34232050","",
"San Vicente y las Granadinas","VCT","Población, total","SP.POP.TOTL","80970","82168","83239","84200","85117","86009","86907","87779","88663","89565","90501","91490","92511","93559","94618","95665","96694","97708","98688","99649","100566","101439","102255","103035","103776","104503","105217","105905","106533","107071","107489","107772","107941","108036","108059","108043","107983","107895","107807","107763","107787","107893","108095","108322","108520","108617","108602","108516","108401","108293","108260","108315","108435","108624","108868","109135","109467","109826","110210","110593","110947","",
"Venezuela","VEN","Población, total","SP.POP.TOTL","8141839","8439261","8742780","9052632","9369101","9692281","10022592","10359741","10702281","11048256","11396396","11745952","12097696","12453709","12816954","13189511","13572210","13964377","14364726","14771270","15182616","15597878","16017570","16443128","16876703","17319513","17772000","18232733","18698850","19166474","19632665","20096314","20557694","21016900","21474553","21931087","22385650","22837743","23288567","23739835","24192449","24646471","25100407","25551624","25996594","26432445","26850190","27247601","27635827","28031010","28439942","28887873","29360827","29781046","30042973","30081827","29851249","29402480","28887117","28515829","28435943","",
"Viet Nam","VNM","Población, total","SP.POP.TOTL","32670048","33666111","34683410","35721213","36780001","37858947","38958046","40072951","41193588","42307149","43404802","44484032","45548476","46603522","47657554","48718190","49785278","50861166","51959021","53095406","54281841","55522804","56814309","58148384","59512619","60896732","62293859","63701974","65120432","66550231","67988855","69436956","70883488","72300308","73651220","74910462","76068739","77133212","78115712","79035871","79910411","80742500","81534406","82301650","83062819","83832662","84617545","85419588","86243424","87092250","87967655","88871384","89801926","90752593","91713850","92677082","93640435","94600643","95545959","96462108","97338583","",
"Vanuatu","VUT","Población, total","SP.POP.TOTL","63689","65700","67793","69944","72116","74268","76392","78505","80653","82920","85374","88012","90802","93749","96773","99863","103002","106206","109397","112543","115598","118546","121398","124213","127058","129989","132988","136075","139319","142801","146575","150718","155176","159743","164128","168161","171721","174917","177987","181259","184964","189209","193927","198960","204123","209282","214379","219464","224700","230244","236216","242658","249505","256637","263888","271128","278326","285499","292675","299882","307150","",
"Samoa","WSM","Población, total","SP.POP.TOTL","108627","112112","115768","119552","123346","127055","130672","134181","137484","140495","143146","145407","147295","148858","150191","151353","152362","153218","153986","154740","155522","156410","157365","158345","159243","159995","160552","160962","161369","161935","162797","164000","165490","167117","168689","170050","171165","172065","172839","173606","174454","175394","176410","177481","178597","179722","180874","182045","183270","184553","185944","187469","189089","190712","192220","193510","194540","195358","196128","197093","198410","",
